Fecha,Hora,Usuario,Término de Búsqueda,URL Visitada
2024-02-23,09:00,John Doe,"cómo programar en Python","https://www.codecademy.com/learn/learn-python-3"
2024-02-21,09:30,Jane Doe,"mejores prácticas de SEO","https://moz.com/beginners-guide-to-seo"
2024-02-20,09:00,Lady Margaret Blackwood,"cómo deshacerse del arma del crimen","https://www.wikihow.com/dispose-of-a-weapon"
2024-02-24,10:00,John Doe,"cómo hacer yoga para principiantes","https://www.yogajournal.com/practice/beginners"
2024-02-20,09:30,Sir Edward Blackwood,"mejor forma de desaparecer sin dejar rastro","https://www.criminallawyer.com/resources/criminal-defense/criminal-offense/can-you-disappear-and-start-a-new-life"
2024-02-22,11:00,Jane Doe,"cómo hacer pan casero","https://www.allrecipes.com/recipe/6803/easy-homemade-bread"
2024-02-20,10:00,Lady Catherine Blackwood,"cómo encubrir un asesinato","https://www.forensicscience.com/articles/how-to-get-away-with-murder"
2024-02-25,12:00,John Doe,"cómo plantar tomates","https://www.almanac.com/plant/tomatoes"
2024-02-20,11:00,Mr. Thomas,"cómo borrar registros de llamadas","https://www.techwalla.com/articles/how-to-clear-phone-logs"
2024-02-26,13:00,Jane Doe,"cómo cambiar el aceite de un coche","https://www.dummies.com/home-garden/car-repair/how-to-change-your-oil"
2024-02-20,12:00,Dr. William Grey,"cómo ocultar pruebas médicas","https://www.medicalnewstoday.com/articles/321887#evidence-erasure"
2024-02-27,14:00,John Doe,"mejores rutas de senderismo en Colombia","https://www.alltrails.com/colombia"
2024-02-20,13:00,Lady Margaret Blackwood,"planificación de un asesinato perfecto","https://www.murdermystery.com/how-to-plan-the-perfect-murder"
2024-02-28,15:00,Jane Doe,"cómo hacer un presupuesto personal","https://www.nerdwallet.com/article/finance/how-to-build-a-budget"
2024-02-20,14:00,Sir Edward Blackwood,"mejor manera de encubrir un crimen","https://www.criminologytoday.com/criminology-101/how-to-cover-up-a-crime"
2024-02-29,16:00,John Doe,"cómo limpiar una computadora portátil","https://www.pcmag.com/how-to/how-to-clean-your-laptop"
2024-02-20,15:00,Lady Catherine Blackwood,"cómo escapar de la policía","https://www.escapeartist.com/blog/can-you-really-escape-the-police/"
2024-02-20,16:00,Mr. Thomas,"cómo limpiar manchas de sangre","https://www.cleanipedia.com/gb/laundry/can-you-wash-blood-out-of-clothes"
2024-02-20,08:00,Lady Margaret Blackwood,"recetas de cocina para cena familiar","https://www.foodnetwork.com/recipes"
2024-02-20,08:30,Sir Edward Blackwood,"mejores destinos turísticos para vacaciones en familia","https://www.lonelyplanet.com"
2024-02-20,09:00,Lady Catherine Blackwood,"ideas para decorar la Mansión Blackwood","https://www.architecturaldigest.com"
2024-02-20,09:30,Mr. Thomas,"cómo mejorar la seguridad en la Mansión Blackwood","https://www.homesecuritysystems.com"
2024-02-20,10:00,Dr. William Grey,"mejores prácticas de higiene para mantener la salud","https://www.cdc.gov"
2024-02-20,10:30,Lady Margaret Blackwood,"tiendas de antigüedades cerca de la Mansión Blackwood","https://www.antiques.com"
2024-02-20,11:00,Sir Edward Blackwood,"maneras creativas de sorprender a tu esposa en su aniversario","https://www.theknot.com"
2024-02-20,11:30,Lady Catherine Blackwood,"cómo organizar un evento benéfico en la comunidad","https://www.charitynavigator.org"
2024-02-20,12:00,Mr. Thomas,"mejores métodos de jardinería para principiantes","https://www.gardeningknowhow.com"
2024-02-20,12:30,Dr. William Grey,"beneficios del yoga para la salud mental","https://www.yogajournal.com"
2024-02-20,13:00,Lady Margaret Blackwood,"tiendas de moda en Londres","https://www.vogue.co.uk"
2024-02-20,13:30,Sir Edward Blackwood,"mejores libros de misterio del año","https://www.goodreads.com"
2024-02-20,14:00,Lady Catherine Blackwood,"clases de pintura al óleo para principiantes","https://www.artistsnetwork.com"
2024-02-20,14:30,Mr. Thomas,"ideas para regalos de cumpleaños para niños","https://www.parents.com"
2024-02-20,15:00,Dr. William Grey,"cómo mejorar la calidad del sueño de forma natural","https://www.sleepfoundation.org"
2024-02-20,15:30,Lady Margaret Blackwood,"beneficios de adoptar una mascota","https://www.aspca.org"
2024-02-20,16:00,Sir Edward Blackwood,"tiendas de muebles antiguos en Londres","https://www.sothebys.com"
2024-02-20,16:30,Lady Catherine Blackwood,"técnicas de pintura al acrílico para artistas principiantes","https://www.artistsnetwork.com"
2024-02-20,17:00,Mr. Thomas,"cómo cultivar hierbas en interiores","https://www.thespruce.com"
2024-02-20,17:30,Dr. William Grey,"cómo superar la ansiedad y el estrés","https://www.helpguide.org"
2024-02-20,18:00,Lady Margaret Blackwood,"recetas saludables para niños","https://www.eatingwell.com"
2024-02-20,18:30,Sir Edward Blackwood,"mejores rutas de senderismo en el campo","https://www.alltrails.com"
2024-02-20,19:00,Lady Catherine Blackwood,"cómo iniciar un negocio de caridad","https://www.fundly.com"
2024-02-20,19:30,Mr. Thomas,"consejos para entrenar a un perro nuevo","https://www.akc.org"
2024-02-20,20:00,Dr. William Grey,"mejores prácticas para el cuidado de la salud mental","https://www.psychologytoday.com"
2024-02-20,20:30,Lady Margaret Blackwood,"beneficios de la meditación para la mente y el cuerpo","https://www.mindful.org"
2024-02-20,21:00,Sir Edward Blackwood,"cómo hacer una barbacoa perfecta","https://www.weber.com"
2024-02-20,21:30,Lady Catherine Blackwood,"tiendas de arte local en Londres","https://www.timeout.com"
2024-02-20,22:00,Mr. Thomas,"mejores formas de organizar un espacio de trabajo en casa","https://www.thesprucecrafts.com"
2024-02-20,22:30,Dr. William Grey,"cómo mejorar la concentración y la productividad","https://www.lifehack.org"
2024-02-20,23:00,Lady Margaret Blackwood,"recetas de cócteles para una noche de entretenimiento","https://www.liquor.com"
2024-02-20,23:30,Sir Edward Blackwood,"mejores prácticas para el mantenimiento de la piscina","https://www.swimmingpool.com"
2024-02-21,00:00,Lady Catherine Blackwood,"cómo planificar un viaje en familia","https://www.travelandleisure.com"
2024-02-21,00:30,Mr. Thomas,"mejores formas de organizar un armario pequeño","https://www.thespruce.com"
2024-02-21,01:00,Dr. William Grey,"cómo motivarse para hacer ejercicio regularmente","https://www.verywellfit.com"
2024-02-21,01:30,Lady Margaret Blackwood,"ideas para actividades familiares en el fin de semana","https://www.parents.com"
2024-02-21,02:00,Sir Edward Blackwood,"mejores técnicas de negociación para el trabajo","https://www.forbes.com"
2024-02-21,02:30,Lady Catherine Blackwood,"cómo cultivar un jardín de hierbas en casa","https://www.almanac.com"
2024-02-21,03:00,Mr. Thomas,"recetas de cocina rápida y fácil para la semana","https://www.delish.com"
2024-02-21,03:30,Dr. William Grey,"beneficios de la terapia cognitivo-conductual","https://www.apa.org"
2024-02-21,04:00,Lady Margaret Blackwood,"consejos para organizar una fiesta sorpresa","https://www.realsimple.com"
2024-02-21,04:30,Sir Edward Blackwood,"cómo mejorar la comunicación en el matrimonio","https://www.psychologytoday.com"
2024-02-21,05:00,Lady Catherine Blackwood,"mejores prácticas para la crianza de hijos adolescentes","https://www.healthychildren.org"
2024-02-21,05:30,Mr. Thomas,"cómo construir un jardín de contenedores en el patio trasero","https://www.gardeningknowhow.com"
2024-02-21,06:00,Dr. William Grey,"beneficios de la terapia de exposición para trastornos de ansiedad","https://www.verywellmind.com"
2024-02-21,06:30,Lady Margaret Blackwood,"mejores destinos de viaje para unas vacaciones en la playa","https://www.tripadvisor.com"
2024-02-21,07:00,Sir Edward Blackwood,"cómo preparar un picnic romántico para dos","https://www.countryliving.com"
2024-02-21,07:30,Lady Catherine Blackwood,"consejos para decorar una habitación infantil","https://www.hgtv.com"
